,Year,Songs,Artists,Track_ID,acousticness,danceability,duration_ms,energy,instrumentalness,key,liveness,loudness,mode,speechiness,tempo,time_signature,valence
0,2014,Happy,Pharrell Williams,spotify:track:6NPVjNh8Jhru9xOmyQigds,0.286,0.652,233305,0.757,0.0,1,0.0886,-6.819,1,0.153,159.911,4,0.962
1,2014,Dark Horse,Katy Perry featuring Juicy J,spotify:track:5jrdCoLpJSvHHorevXBATy,0.00314,0.645,215672,0.585,0.0,6,0.165,-6.122,1,0.0513,131.931,4,0.353
2,2014,All of Me,John Legend,spotify:track:3U4isOIWM3VvDubwSI3y7a,0.922,0.422,269560,0.264,0.0,8,0.132,-7.064,1,0.0322,119.93,4,0.331
3,2014,Fancy,Iggy Azalea featuring Charli XCX,spotify:track:3oiMJQAWVaxSubJ7b2VUtX,0.102,0.911,199938,0.707,0.0,8,0.049,-4.136,1,0.0696,94.964,4,0.375
4,2014,Counting Stars,OneRepublic,spotify:track:6sy3LkhNFjJWlaeSMNwQ62,0.0649,0.663,257840,0.714,0.0,1,0.116,-4.944,0,0.038,121.99,4,0.468
5,2014,Talk Dirty,Jason Derulo featuring 2 Chainz,spotify:track:6g6A7qNhTfUgOSH7ROOxTD,0.0348,0.76,177685,0.652,0.0,6,0.307,-7.321,1,0.232,100.315,4,0.759
6,2014,Rude,Magic!,spotify:track:3tCwjWLicbjsMCvXhN0WOE,0.0435,0.743,224773,0.807,0.0,1,0.309,-3.78,1,0.0364,144.062,4,0.899
7,2014,All About That Bass,Meghan Trainor,spotify:track:0ifSeVGUr7py5GggttDhXw,0.0476,0.811,188754,0.879,1.91e-06,9,0.109,-3.724,1,0.0514,134.064,4,0.962
8,2014,Problem,Ariana Grande featuring Iggy Azalea,spotify:track:7vS3Y0IKjde7Xg85LWIEdP,0.0192,0.66,193920,0.805,8.83e-06,1,0.159,-5.352,0,0.153,103.009,4,0.625
9,2014,Stay with Me,Sam Smith,spotify:track:5Nm9ERjJZ5oyfXZTECKmRt,0.603,0.43,172724,0.428,0.000118,0,0.11,-6.416,1,0.0407,84.222,4,0.137
10,2014,Timber,Pitbull featuring Kesha,spotify:track:3cHyrEgdyYRjgJKSOiOtcS,0.0295,0.581,204160,0.963,0.0,11,0.139,-4.087,1,0.0981,129.992,4,0.788
11,2014,Pompeii,Bastille,spotify:track:3gbBpTdY8lnQwqxNCcf795,0.078,0.681,214148,0.715,0.0,9,0.275,-6.318,1,0.0388,127.429,4,0.593
12,2014,Shake It Off,Taylor Swift,spotify:track:5xTtaWoae3wi06K5WfVUUH,0.0577,0.653,219200,0.799,0.0,7,0.221,-5.359,1,0.163,160.017,4,0.945
13,2014,Am I Wrong,Nico & Vinz,spotify:track:1fidCEsYlaVE3pHwKCvpFZ,0.162,0.725,247520,0.68,2.13e-06,8,0.158,-5.465,1,0.0306,119.939,4,0.76
14,2014,Turn Down for What,DJ Snake and Lil Jon,spotify:track:67awxiNHNyjMXhVgsHuIrs,0.00107,0.818,213733,0.799,0.128,1,0.057,-4.1,0,0.156,100.014,4,0.0815
15,2014,The Monster,Eminem featuring Rihanna,spotify:track:48RrDBpOSSl1aLVCalGl5C,0.0514,0.786,250189,0.857,0.0,9,0.112,-3.765,1,0.0734,110.038,4,0.581
16,2014,Say Something,A Great Big World and Christina Aguilera,spotify:track:6Vc5wAMmXdKIAM7WUoEb7N,0.857,0.407,229400,0.147,2.89e-06,2,0.0913,-8.822,1,0.0355,141.284,3,0.0765
17,2014,Team,Lorde,spotify:track:3G6hD9B2ZHOsgf4WfNu7X1,0.151,0.696,193059,0.59,0.0,6,0.247,-7.428,1,0.0904,99.984,4,0.462
18,2014,Let Her Go,Passenger,spotify:track:6GmUVqe73u5YRfUUynZK6I,0.365,0.479,252733,0.545,0.0,7,0.0963,-7.346,1,0.0688,74.897,4,0.244
19,2014,Royals,Lorde,spotify:track:2dLLR6qlu5UJ5gk0dKz0h3,0.106,0.616,190185,0.432,0.0,7,0.132,-9.546,1,0.133,84.778,4,0.302
20,2014,Let It Go,Idina Menzel,spotify:track:0qcr5FMsEO85NAQjrlDRKo,0.556,0.539,223840,0.488,0.0,8,0.122,-6.864,1,0.0318,137.073,4,0.378
21,2014,Wake Me Up,Avicii,spotify:track:4h8VwCb1MTGoLKueQ1WgbD,0.00346,0.518,247427,0.784,0.00187,2,0.171,-5.659,1,0.0524,124.102,4,0.588
22,2014,Demons,Imagine Dragons,spotify:track:3LlAyCYU26dvFZBDUIMb7a,0.23,0.499,175200,0.73,0.00018,3,0.378,-2.831,1,0.0367,90.058,4,0.381
23,2014,Story of My Life,One Direction,spotify:track:4nVBt6MZDDP6tRVdQTgxJg,0.225,0.6,245493,0.663,0.0,3,0.119,-5.802,1,0.0477,121.07,4,0.286
24,2014,Chandelier,Sia,spotify:track:2s1sdSqGcKxpPr5lCl7jAV,0.0197,0.399,216120,0.787,6.07e-05,1,0.0685,-2.88,1,0.0499,117.089,5,0.572
25,2014,Black Widow,Iggy Azalea featuring Rita Ora,spotify:track:7pNC5ZIKtwUK0ReSpM3P9f,0.181,0.741,209423,0.726,0.000189,3,0.111,-3.77,0,0.143,163.991,4,0.527
26,2014,Bang Bang,"Jessie J, Ariana Grande, and Nicki Minaj",spotify:track:0puf9yIluy9W0vpMEUoAnN,0.292,0.703,199387,0.789,0.0,0,0.377,-3.423,0,0.0928,150.058,4,0.761
27,2014,Latch,Disclosure featuring Sam Smith,spotify:track:1BltsyC5W3SAABdxyrDXwi,0.0151,0.502,255632,0.732,0.000119,1,0.0897,-5.45,1,0.168,122.025,4,0.536
28,2014,Maps,Maroon 5,spotify:track:4gbVRS8gloEluzf0GzDOFc,0.0183,0.745,189959,0.714,0.0,1,0.0636,-5.501,0,0.0302,120.025,4,0.853
29,2014,Loyal,"Chris Brown featuring Lil Wayne and French Montana, Too Short, or Tyga",spotify:track:7kqcudBGM74MXVoYMaoWkC,0.0228,0.845,264947,0.506,1.03e-06,1,0.0879,-5.971,1,0.0409,99.051,4,0.647
30,2014,Best Day of My Life,American Authors,spotify:track:5Hroj5K7vLpIG4FNCRIjbP,0.0629,0.673,194240,0.902,0.000174,2,0.0552,-2.378,1,0.0347,100.016,4,0.521
31,2014,Habits (Stay High),Tove Lo,spotify:track:14OxJlLdcHNpgsm4DRwDOB,0.0664,0.73,209160,0.669,3.63e-05,5,0.0822,-3.494,1,0.0318,110.04,4,0.383
32,2014,Summer,Calvin Harris,spotify:track:6YUTL4dYpB9xZO5qExPf05,0.0211,0.596,222533,0.856,0.0178,4,0.141,-3.556,0,0.0346,127.949,4,0.743
33,2014,Boom Clap,Charli XCX,spotify:track:0Y1MWB026LYxGvhq4EcMiC,0.154,0.659,169866,0.911,0.000304,4,0.191,-2.28,1,0.0786,91.999,4,0.576
34,2014,Drunk in Love,Beyoncé featuring Jay Z,spotify:track:6jG2YzhxptolDzLHTGLt7S,0.00969,0.589,323480,0.621,0.00104,5,0.181,-6.902,0,0.0468,140.03,4,0.401
35,2014,Anaconda,Nicki Minaj,spotify:track:794F99D5BQHS5ZGRXAs7I5,0.0723,0.965,260240,0.609,8.11e-06,9,0.268,-6.229,1,0.196,129.992,4,0.628
36,2014,Break Free,Ariana Grande featuring Zedd,spotify:track:12KUFSHFgT0XCoiSlvdQi4,0.0064,0.687,214840,0.702,4.35e-05,7,0.204,-5.324,0,0.0455,129.956,4,0.284
37,2014,Bailando,Enrique Iglesias featuring Descemer Bueno and Gente de Zona,spotify:track:32lm3769IRfcnrQV11LO4E,0.0467,0.713,243413,0.783,1.93e-06,7,0.0449,-3.499,1,0.124,90.937,4,0.958
38,2014,Burn,Ellie Goulding,spotify:track:0xMd5bcWTbyXS7wPrBtZA6,0.296,0.516,231212,0.772,0.0,10,0.101,-5.031,0,0.0476,87.038,4,0.323
39,2014,Wiggle,Jason Derulo featuring Snoop Dogg,spotify:track:2sLwPnIP3CUVmIuHranJZU,0.0802,0.697,193296,0.621,0.0,9,0.162,-6.886,0,0.25,81.946,4,0.721
40,2014,Rather Be,Clean Bandit featuring Jess Glynne,spotify:track:3s4U7OHV7gnj42VV72eSZ6,0.162,0.799,227833,0.586,2.03e-06,11,0.193,-6.735,1,0.0377,120.97,4,0.549
41,2014,Don't Tell 'Em,Jeremih featuring YG,spotify:track:0Dc7J9VPV4eOInoxUiZrsL,0.421,0.851,266840,0.525,0.0,2,0.111,-5.221,0,0.0874,97.988,4,0.405
42,2014,Show Me,Kid Ink featuring Chris Brown,spotify:track:7uc39NPTNiu86GQxTUMzGT,0.0382,0.712,217800,0.52,0.0,7,0.134,-7.325,1,0.0565,98.096,4,0.645
43,2014,Wrecking Ball,Miley Cyrus,spotify:track:2vwlzO0Qp8kfEtzTsCXfyE,0.407,0.53,221360,0.422,0.0,5,0.107,-6.262,1,0.0342,119.964,4,0.349
44,2014,Not a Bad Thing,Justin Timberlake,spotify:track:1JmPASoql4lnXimD5ICqRP,0.271,0.594,266294,0.729,0.0,2,0.383,-5.774,1,0.0626,86.032,4,0.459
45,2014,Roar,Katy Perry,spotify:track:6F5c58TMEs1byxUstkzVeM,0.00487,0.554,223546,0.772,6.6e-06,7,0.354,-4.821,0,0.0418,179.984,4,0.455
46,2014,Ain't It Fun,Paramore,spotify:track:1j8z4TTjJ1YOdoFEDwJTQa,0.154,0.61,296520,0.893,4.41e-05,9,0.021,-3.681,1,0.0921,104.031,4,0.673
47,2014,The Man,Aloe Blacc,spotify:track:2stPxcgjdSImK7Gizl8ZUN,0.0346,0.526,254880,0.772,0.0,11,0.214,-7.229,0,0.0479,85.876,4,0.482
48,2014,This Is How We Roll,Florida Georgia Line featuring Luke Bryan,spotify:track:2TR7A4ulH9R1PNwMyd8o8U,0.016,0.555,220907,0.931,0.0,8,0.405,-2.969,1,0.0367,132.085,4,0.723
49,2014,Classic,MKTO,spotify:track:6FE2iI43OZnszFLuLtvvmg,0.0384,0.72,175427,0.791,0.0,1,0.157,-4.689,1,0.124,102.071,4,0.756
50,2014,A Sky Full of Stars,Coldplay,spotify:track:0FDzzruyVECATHXKHFs9eJ,0.00713,0.551,268467,0.636,0.00203,6,0.217,-7.125,1,0.0281,124.996,4,0.153
51,2014,Don't,Ed Sheeran,spotify:track:1huvTbEYtgltjQRXzrNKGi,0.0113,0.806,219840,0.608,0.0,1,0.635,-7.008,1,0.0659,95.049,4,0.849
52,2014,Na Na,Trey Songz,spotify:track:5maiP9UMnTSgoxPX8X3bdz,0.328,0.67,231907,0.476,0.0,9,0.104,-6.253,0,0.0406,96.975,4,0.235
53,2014,Hot Boy,Bobby Shmurda,spotify:track:0rFke7eNFHbGuGJUdRgjB2,0.042,0.859,194561,0.5,1.6e-05,9,0.0616,-7.628,1,0.347,83.981,4,0.186
54,2014,"Hold On, We're Going Home",Drake featuring Majid Jordan,spotify:track:14Rcq31SafFBHNEwXrtR2B,0.00349,0.772,227880,0.407,2.4e-05,6,0.0705,-7.442,0,0.0907,100.006,4,0.292
55,2014,Sing,Ed Sheeran,spotify:track:6K8qKeWo5MsFED7wCR6Kop,0.304,0.818,235382,0.67,1.22e-06,8,0.0601,-4.451,0,0.0472,119.988,4,0.939
56,2014,Radioactive,Imagine Dragons,spotify:track:4G8gkOterJn0Ywt6uhqbhp,0.126,0.478,186813,0.799,0.000106,9,0.76,-3.614,1,0.0638,136.268,4,0.176
57,2014,My Hitta,YG featuring Jeezy and Rich Homie Quan,spotify:track:5G47DlluL671zo0k3OhoSm,0.13,0.752,236093,0.509,0.0,10,0.141,-6.794,0,0.141,85.5,4,0.648
58,2014,Cool Kids,Echosmith,spotify:track:13P5rwmk2EsoFRIz9UCeh9,0.0372,0.719,237627,0.671,8.21e-06,8,0.12,-6.279,1,0.0336,130.027,4,0.786
59,2014,Hey Brother,Avicii,spotify:track:4RXpgGM7A4Hg7cFBoH5KyF,0.0279,0.537,255093,0.777,6.12e-05,7,0.0838,-4.829,0,0.0473,124.943,4,0.427
60,2014,Trumpets,Jason Derulo,spotify:track:5KONnBIQ9LqCxyeSPin26k,0.555,0.635,217419,0.691,0.0,0,0.097,-4.862,1,0.258,82.142,4,0.638
61,2014,Animals,Maroon 5,spotify:track:2bL2gyO6kBdLkNSkxXNh6x,0.00018,0.465,231013,0.744,0.0,4,0.68,-6.429,0,0.0635,189.928,4,0.339
62,2014,Burnin' It Down,Jason Aldean,spotify:track:5HJqpDspKDKwQpLjvkcIsD,0.305,0.681,219160,0.795,9.41e-06,6,0.109,-6.652,1,0.049,135.939,4,0.64
63,2014,Play It Again,Luke Bryan,spotify:track:03fT3OHB9KyMtGMt2zwqCT,0.0832,0.51,226867,0.898,0.0,11,0.071,-3.15,1,0.0696,144.056,4,0.596
64,2014,2 On,Tinashe featuring ScHoolboy Q,spotify:track:3jVtllWS5CFFWLQng8sKsr,0.15,0.742,227000,0.595,0.0,9,0.111,-7.51,1,0.107,101.013,4,0.431
65,2014,Dirt,Florida Georgia Line,spotify:track:5CXnIPD6rTjszYYQm6fY2P,0.0661,0.554,230587,0.875,1.59e-05,2,0.118,-4.185,1,0.0487,121.976,4,0.543
66,2014,Love Runs Out,OneRepublic,spotify:track:5BJSZocnCeSNeYMj3iVqM7,0.165,0.714,224227,0.933,0.0,7,0.111,-3.714,1,0.0571,120.019,4,0.714
67,2014,Bottoms Up,Brantley Gilbert,spotify:track:477pWnF7WFWb9Qs6g8rs4J,0.143,0.479,220199,0.87,0.0,7,0.129,-5.739,1,0.0442,170.047,4,0.537
68,2014,Shower,Becky G,spotify:track:3DmW6y7wTEYHJZlLo1r6XJ,0.0317,0.699,206167,0.529,3.59e-05,2,0.285,-7.548,1,0.0487,119.987,4,0.121
69,2014,Me and My Broken Heart,Rixton,spotify:track:1oew3nFNY3vMacJAsvry0S,0.00682,0.544,193733,0.774,0.0,5,0.135,-4.21,0,0.0339,174.121,4,0.522
70,2014,Animals,Martin Garrix,spotify:track:65G7XDGcybJiGywSCXJiL5,0.00103,0.578,176120,0.91,0.407,1,0.0723,-5.568,1,0.0355,128.038,4,0.0387
71,2014,Lifestyle,Rich Gang featuring Young Thug and Rich Homie Quan,spotify:track:7DTlsMOQjGysXHpwwpHuPl,0.0144,0.718,269693,0.67,0.0,1,0.0851,-5.236,1,0.227,88.764,4,0.517
72,2014,American Kids,Kenny Chesney,spotify:track:1dgWTMoHwTUnQhOQ8SR5fV,0.0476,0.733,182960,0.589,5.85e-06,7,0.0366,-7.37,1,0.1,170.097,4,0.867
73,2014,Brave,Sara Bareilles,spotify:track:6Uy6K3KdmUdAfelUp0SeXn,0.00502,0.551,220573,0.836,2.1e-05,10,0.0425,-3.838,0,0.0524,185.063,4,0.758
74,2014,Sweater Weather,The Neighbourhood,spotify:track:2QjOHCTQ1Jl3zawyYOpxh6,0.0495,0.612,240400,0.807,0.0177,10,0.101,-2.81,1,0.0336,124.053,4,0.398
75,2014,Leave the Night On,Sam Hunt,spotify:track:3wx2kQWPn9p5UppQbNhPAk,0.0996,0.516,192160,0.953,0.0,9,0.349,-3.828,1,0.0624,171.971,4,0.852
76,2014,New Flame,Chris Brown featuring Usher and Rick Ross,spotify:track:3nw9J97nUugT84SIJdjhAV,0.0649,0.709,244133,0.638,0.0,1,0.0969,-4.3,1,0.0405,141.994,4,0.468
77,2014,Love Never Felt So Good,Michael Jackson and Justin Timberlake,spotify:track:48td6xvpokdYwvbl3JIiXP,0.132,0.775,246027,0.719,1.79e-06,7,0.0662,-6.212,0,0.0435,117.513,4,0.712
78,2014,Drunk on a Plane,Dierks Bentley,spotify:track:1soxUgYIZb1qx1c7o1Lc7z,0.00512,0.439,254467,0.754,7.45e-06,9,0.186,-5.566,1,0.0323,205.958,4,0.668
79,2014,Birthday,Katy Perry,spotify:track:2xLOMHjkOK8nzxJ4r6yOKR,0.0879,0.719,215042,0.674,3.75e-06,11,0.112,-5.122,1,0.0681,125.98,4,0.843
80,2014,Bartender,Lady Antebellum,spotify:track:6olKv2HP3XgBpvVxAswowe,0.016,0.626,198267,0.936,4.41e-06,11,0.337,-3.86,0,0.036,101.01,4,0.656
81,2014,La La La,Naughty Boy featuring Sam Smith,spotify:track:36pLU2ywVeBKEF0rrKtmCB,0.107,0.772,222200,0.65,1.13e-06,6,0.0905,-5.202,0,0.0306,125.082,4,0.262
82,2014,Blurred Lines,Robin Thicke featuring T.I. and Pharrell Williams,spotify:track:0n4bITAu0Y0nigrz3MFJMb,0.00373,0.862,263827,0.608,6.14e-06,7,0.0856,-4.762,1,0.0402,120.002,4,0.836
83,2014,Do What U Want,Lady Gaga featuring R. Kelly,spotify:track:44JqKUXiWTaRrDQUx7CwsT,0.316,0.798,227307,0.821,8.6e-06,9,0.0948,-4.386,1,0.0683,97.492,4,0.583
84,2014,Can't Remember to Forget You,Shakira featuring Rihanna,spotify:track:41dwfdVGLtjXxIKE65yUWP,0.122,0.694,206867,0.81,0.0,11,0.141,-3.556,0,0.0661,137.968,4,0.824
85,2014,Amnesia,5 Seconds of Summer,spotify:track:1JCCdiru7fhstOIF4N7WJC,0.0283,0.572,237248,0.499,0.0,2,0.213,-5.237,1,0.0311,101.593,4,0.108
86,2014,No Mediocre,T.I. featuring Iggy Azalea,spotify:track:38aECKrbMv2F5FsYYCewCQ,0.0826,0.78,201600,0.45,0.0,1,0.0809,-9.539,1,0.0465,95.486,4,0.178
87,2014,Come with Me Now,KONGOS,spotify:track:2kWowW0k4oFymhkr7LmvzO,0.0311,0.654,211960,0.726,6.35e-05,10,0.0618,-3.803,0,0.0401,103.987,4,0.728
88,2014,Believe Me,Lil Wayne featuring Drake,spotify:track:6t2eIONH4Sax3R21QWiKNp,0.273,0.84,337640,0.483,0.0,10,0.111,-8.838,0,0.157,91.992,4,0.198
89,2014,23,"Mike WiLL Made-It featuring Miley Cyrus, Wiz Khalifa, and Juicy J",spotify:track:20FZrLl9zSbO9b3DhaqO6M,0.000366,0.863,252520,0.605,3.71e-06,2,0.132,-5.231,1,0.0572,140.031,4,0.327
90,2014,Beachin',Jake Owen,spotify:track:5dNGORzxFb5z3v7vSAFkTU,0.344,0.527,191040,0.902,4.63e-05,6,0.0669,-5.352,1,0.0601,181.964,4,0.709
91,2014,White Walls,Macklemore & Ryan Lewis featuring ScHoolboy Q and Hollis,spotify:track:6I3KeXBT0E9MoMqYz8srVq,0.0541,0.767,220319,0.782,0.0,7,0.338,-5.545,1,0.14,116.491,4,0.827
92,2014,She Looks So Perfect,5 Seconds of Summer,spotify:track:1gugDOSMREb34Xo0c1PlxM,0.000668,0.493,202496,0.956,0.0,1,0.416,-4.221,0,0.138,160.006,4,0.47
93,2014,Stay the Night,Zedd featuring Hayley Williams,spotify:track:2QtJA4gbwe1AcanB2p21aP,0.134,0.595,217347,0.746,0.0,8,0.0863,-3.115,1,0.0398,127.96,4,0.491
94,2014,Partition,Beyoncé,spotify:track:5hgnY0mVcVetszbb85qeDg,0.0296,0.412,319467,0.441,0.0726,11,0.306,-11.523,0,0.291,185.571,4,0.174
95,2014,Studio,ScHoolboy Q featuring BJ the Chicago Kid,spotify:track:29gsi1zZrZxdStACmTQB0Z,0.0529,0.644,278067,0.581,0.0,8,0.0611,-7.688,0,0.0505,133.965,3,0.586
96,2014,0 to 100 / The Catch Up,Drake,spotify:track:4jtyUzZm9WLc2AdaJ1dso7,0.763,0.707,275227,0.709,0.0,11,0.274,-3.979,0,0.34,89.094,4,0.501
97,2014,I Don't Dance,Lee Brice,spotify:track:5aj0xPGiEUN3aI2oOYu14S,0.399,0.587,221173,0.559,6.69e-06,1,0.0992,-7.742,1,0.0321,92.036,4,0.19
98,2014,Somethin' Bad,Miranda Lambert and Carrie Underwood,spotify:track:6s9m5J92By7jii22Q2XtY2,0.0527,0.68,169587,0.888,2.82e-06,9,0.0575,-5.308,1,0.055,90.076,4,0.484
99,2014,Adore You,Miley Cyrus,spotify:track:5AnCLGg35ziFOloEnXK4uu,0.111,0.583,278747,0.655,3.57e-06,0,0.113,-5.407,1,0.0315,119.759,4,0.201
100,2015,Uptown Funk,Mark Ronson featuring Bruno Mars,spotify:track:32OlwWuMpZ6b0aN2RZOeMS,0.00801,0.856,269667,0.609,8.15e-05,0,0.0344,-7.223,1,0.0824,114.988,4,0.928
101,2015,Thinking Out Loud,Ed Sheeran,spotify:track:34gCuhDGsG4bRPIf9bb02f,0.474,0.781,281560,0.445,0.0,2,0.184,-6.061,1,0.0295,78.998,4,0.591
102,2015,See You Again,Wiz Khalifa featuring Charlie Puth,spotify:track:2JzZzZUQj3Qff7wapcbKjc,0.369,0.689,229526,0.481,1.03e-06,10,0.0649,-7.503,1,0.0815,80.025,4,0.283
103,2015,Trap Queen,Fetty Wap,spotify:track:2d8JP84HNLKhmd6IYOoupQ,0.0244,0.746,222093,0.873,0.0,7,0.354,-3.803,1,0.128,148.075,4,0.817
104,2015,Sugar,Maroon 5,spotify:track:2iuZJX9X9P0GKaE93xcPjk,0.052,0.751,235493,0.768,0.0,1,0.0848,-7.089,1,0.0346,120.084,4,0.881
105,2015,Shut Up and Dance,Walk the Moon,spotify:track:4kbj5MwxO1bq9wjT5g9HaA,0.00701,0.578,199080,0.866,0.0,1,0.257,-3.804,1,0.0619,128.038,4,0.619
106,2015,Blank Space,Taylor Swift,spotify:track:1p80LdxRV74UKvL8gnD7ky,0.0847,0.751,231827,0.684,0.0,5,0.0737,-5.448,1,0.0679,95.979,4,0.597
107,2015,Watch Me,Silentó,spotify:track:5RIVoVdkDLEygELLCniZFr,0.247,0.821,185143,0.759,0.0,8,0.321,-8.541,1,0.121,140.01,4,0.962
108,2015,Earned It,The Weeknd,spotify:track:2PIvq1pGrUjY007X5y1UpM,0.404,0.664,252227,0.371,0.0,2,0.0971,-5.959,0,0.0306,119.95,3,0.429
109,2015,The Hills,The Weeknd,spotify:track:7fBv7CLKzipRk6EC6TWHOB,0.0635,0.54,242253,0.561,0.0,0,0.137,-6.987,0,0.0699,113.295,4,0.107
110,2015,Cheerleader,OMI,spotify:track:023OVLNzXhX0j7CxswUt6D,0.141,0.78,180560,0.68,1.2e-05,4,0.138,-6.081,1,0.0305,118.026,4,0.594
111,2015,Can't Feel My Face,The Weeknd,spotify:track:22VdIZQfgXJea34mQxlt81,0.109,0.711,213520,0.783,0.0,9,0.0947,-5.407,0,0.0423,107.972,4,0.587
112,2015,Love Me Like You Do,Ellie Goulding,spotify:track:2l8w0zZVn4AZNuzrht7MRT,0.24,0.254,252534,0.617,0.0,5,0.125,-6.612,0,0.0537,189.425,4,0.255
113,2015,Take Me to Church,Hozier,spotify:track:0aOluBqXYd0rFSCsgDyAWX,0.634,0.566,241693,0.664,0.0,4,0.116,-5.303,0,0.0464,128.945,4,0.437
114,2015,Bad Blood,Taylor Swift featuring Kendrick Lamar,spotify:track:273dCMFseLcVsoSWx59IoE,0.0795,0.65,211933,0.793,1.3e-05,7,0.168,-6.083,1,0.185,170.101,4,0.29
115,2015,Lean On,Major Lazer and DJ Snake featuring MØ,spotify:track:1YAWPd6beey1hE9Hr0jFqQ,0.0259,0.781,230698,0.746,0.0,5,0.0572,-4.463,0,0.0675,98.008,4,0.34
116,2015,Want to Want Me,Jason Derulo,spotify:track:7oGZAicScQt96OAW4AruYy,0.00906,0.775,207719,0.68,0.0,0,0.109,-5.508,0,0.0629,114.025,4,0.656
117,2015,Shake It Off,Taylor Swift,spotify:track:5xTtaWoae3wi06K5WfVUUH,0.0577,0.653,219200,0.799,0.0,7,0.221,-5.359,1,0.163,160.017,4,0.945
118,2015,Where Are Ü Now,Skrillex and Diplo featuring Justin Bieber,spotify:track:66hayvUbTotekKU3H4ta1f,0.041,0.432,250286,0.781,4.21e-06,4,0.0789,-4.038,0,0.0567,139.432,4,0.197
119,2015,Fight Song,Rachel Platten,spotify:track:37f4ITSlgPX81ad2EvmVQr,0.0549,0.564,204013,0.714,0.0,7,0.155,-4.987,1,0.129,175.924,4,0.33
120,2015,679,Fetty Wap featuring Remy Boyz,spotify:track:5NQbUaeTEOGdD6hHcre0dZ,0.00256,0.618,196693,0.717,0.0,7,0.625,-5.738,1,0.318,190.05,4,0.603
121,2015,Lips Are Movin,Meghan Trainor,spotify:track:6gj08XDlv9Duc2fPOxUmVD,0.0506,0.775,182667,0.825,1.03e-06,7,0.111,-5.402,1,0.0464,139.091,4,0.95
122,2015,Worth It,Fifth Harmony featuring Kid Ink,spotify:track:41Fflg7qHiVOD6dEPvsCzO,0.063,0.884,224573,0.765,7.04e-06,8,0.118,-3.865,1,0.0882,99.987,4,0.594
123,2015,Post to Be,Omarion featuring Chris Brown and Jhené Aiko,spotify:track:0fgZUSa7D7aVvv3GfO0A1n,0.0697,0.733,226581,0.676,0.0,10,0.208,-5.655,0,0.0432,97.448,4,0.701
124,2015,"Honey, I'm Good.",Andy Grammer,spotify:track:4MflGTO2ZTcSQ12bWcyRgI,0.0324,0.752,199263,0.775,0.0,9,0.351,-7.289,1,0.0546,122.014,4,0.595
125,2015,I'm Not the Only One,Sam Smith,spotify:track:7795WJLVKJoAyVoOtCWqXN,0.531,0.678,239317,0.497,1.48e-05,5,0.0776,-5.761,1,0.0376,81.984,4,0.506
126,2015,Good for You,Selena Gomez featuring ASAP Rocky,spotify:track:578Eooad7oUyn4stovZiPg,0.164,0.602,221280,0.673,0.0,5,0.0645,-6.44,0,0.0691,88.981,4,0.253
127,2015,All About That Bass,Meghan Trainor,spotify:track:0ifSeVGUr7py5GggttDhXw,0.0476,0.811,188754,0.879,1.91e-06,9,0.109,-3.724,1,0.0514,134.064,4,0.962
128,2015,Style,Taylor Swift,spotify:track:1fo2ctLqj3zBhRQKOXprol,0.00253,0.594,231000,0.8,0.00244,7,0.117,-5.56,1,0.0377,95.036,4,0.473
129,2015,Hotline Bling,Drake,spotify:track:0wwPcA6wtMf6HUMpIRdeP7,0.00302,0.903,267067,0.621,0.000186,2,0.0504,-8.132,1,0.0578,134.969,4,0.553
130,2015,Hey Mama,"David Guetta featuring Nicki Minaj, Bebe Rexha and Afrojack",spotify:track:5b2bu6yyATC1zMXDGScJ2d,0.24,0.596,192560,0.73,0.0,9,0.325,-4.091,1,0.151,85.979,4,0.525
131,2015,G.D.F.R.,Flo Rida featuring Sage the Gemini and Lookas,spotify:track:26rdOwwjC2UnweK3xeS58u,0.000704,0.657,190186,0.827,0.00534,5,0.065,-4.036,1,0.0734,145.889,4,0.69
132,2015,What Do You Mean?,Justin Bieber,spotify:track:4B0JvthVoAAuygILe3n4Bs,0.61,0.837,205680,0.571,0.000898,5,0.0849,-8.273,0,0.0922,125.034,4,0.801
133,2015,Photograph,Ed Sheeran,spotify:track:1HNkqx9Ahdgi1Ixy2xkKkL,0.607,0.614,258987,0.379,0.000464,4,0.0986,-10.48,1,0.0476,107.989,4,0.201
134,2015,Hello,Adele,spotify:track:4sPmO7WMQUAf45kwMOtONw,0.336,0.481,295493,0.451,0.0,5,0.0872,-6.095,0,0.0347,157.966,4,0.289
135,2015,Stitches,Shawn Mendes,spotify:track:5jsw9uXEGuKyJzs0boZ1bT,0.0196,0.592,206880,0.752,0.0,1,0.0477,-6.589,1,0.114,74.784,4,0.726
136,2015,Talking Body,Tove Lo,spotify:track:4K2uH46kwmTFGjNlkeFuGI,0.097,0.735,238427,0.769,0.0,4,0.081,-5.545,0,0.0335,120.001,4,0.0802
137,2015,Jealous,Nick Jonas,spotify:track:5NQJnRpJHRaupdegphntQT,0.0108,0.688,222187,0.712,0.0,11,0.458,-3.573,0,0.0683,93.027,4,0.479
138,2015,Time of Our Lives,Pitbull and Ne-Yo,spotify:track:2bJvI42r8EF3wxjOuDav4r,0.0921,0.72,229360,0.802,0.0,1,0.694,-5.797,1,0.0582,124.043,4,0.723
139,2015,Locked Away,R. City featuring Adam Levine,spotify:track:0sQLhT32E9ZG2zn5iYR6nN,0.328,0.508,227280,0.677,0.0,1,0.0491,-5.696,1,0.0656,121.928,5,0.575
140,2015,Somebody,Natalie La Rose featuring Jeremih,spotify:track:7ioiB40H9xKs04QtIso2I3,0.000979,0.842,189907,0.531,1.34e-05,0,0.0667,-8.729,1,0.0377,105.013,4,0.765
141,2015,FourFiveSeconds,"Rihanna, Kanye West and Paul McCartney",spotify:track:78TTtXnFQPzwqlbtbwqN0y,0.878,0.576,188238,0.267,0.0,2,0.119,-5.668,1,0.044,205.888,4,0.326
142,2015,Centuries,Fall Out Boy,spotify:track:04aAxqtGp5pv12UXAg4pkq,0.004,0.385,228360,0.866,0.0,4,0.111,-2.817,0,0.0697,176.014,4,0.551
143,2015,My Way,Fetty Wap featuring Monty,spotify:track:1WoOzgvz6CgH4pX6a1RKGp,0.00419,0.748,213053,0.741,0.0,6,0.147,-3.103,1,0.0531,128.077,4,0.537
144,2015,Take Your Time,Sam Hunt,spotify:track:6DEaND0SHv3sC11xobZLiy,0.0869,0.551,243707,0.719,0.0,11,0.219,-5.631,1,0.0416,158.08,4,0.449
145,2015,Animals,Maroon 5,spotify:track:2bL2gyO6kBdLkNSkxXNh6x,0.00018,0.465,231013,0.744,0.0,4,0.68,-6.429,0,0.0635,189.928,4,0.339
146,2015,I Don't Fuck with You,Big Sean featuring E-40,spotify:track:7FYH5AW3bVfZHJIQpq3UOA,0.0372,0.822,284387,0.734,0.0,1,0.325,-5.48,1,0.0738,97.998,4,0.425
147,2015,Bitch Better Have My Money,Rihanna,spotify:track:0NTMtAO2BV4tnGvw9EgBVq,0.0538,0.778,219306,0.741,2.04e-06,10,0.29,-4.97,0,0.0484,102.95,4,0.364
148,2015,"Flex (Ooh, Ooh, Ooh)",Rich Homie Quan,spotify:track:2LLFl56eIFGFlnrplUC26f,0.038,0.728,176675,0.62,0.0,2,0.342,-7.533,1,0.0434,81.998,4,0.885
149,2015,Nasty Freestyle,T-Wayne,spotify:track:0PT7nlpo11hYYyfnBgtilT,0.0577,0.779,142212,0.472,0.0,11,0.114,-7.116,1,0.218,135.051,4,0.412
150,2015,Only,"Nicki Minaj featuring Drake, Lil Wayne and Chris Brown",spotify:track:4MRT0dDbhqFKl67WzhUbSw,0.409,0.67,312027,0.485,0.0,8,0.0973,-7.272,0,0.737,119.886,4,0.242
151,2015,Elastic Heart,Sia,spotify:track:5S9lfZu1YF8xKkgSsqL2Bd,0.0117,0.421,257200,0.791,1.48e-05,9,0.146,-4.998,1,0.0496,130.075,4,0.499
152,2015,Cool for the Summer,Demi Lovato,spotify:track:2zFF6jG5hQArbzcXz3KUWk,0.00506,0.584,214740,0.614,9.7e-05,5,0.0802,-5.587,0,0.0363,114.075,4,0.28
153,2015,Renegades,X Ambassadors,spotify:track:0fYVliAYKHuPmECRs1pbRf,0.0112,0.4,195199,0.868,0.0685,11,0.27,-5.988,0,0.203,180.261,4,0.57
154,2015,I Don't Mind,Usher featuring Juicy J,spotify:track:7aXuop4Qambx5Oi3ynsKQr,0.205,0.87,251989,0.464,0.0,4,0.0902,-8.337,1,0.178,112.974,4,0.457
155,2015,Love Me Harder,Ariana Grande and The Weeknd,spotify:track:5J4ZkQpzMUFojo1CtAZYpn,0.00937,0.472,236133,0.714,0.0,1,0.0764,-4.389,0,0.0334,98.992,4,0.24
156,2015,Wildest Dreams,Taylor Swift,spotify:track:59HjlYCeBsxdI0fcm3zglw,0.0612,0.556,220440,0.688,0.00256,8,0.112,-7.328,1,0.0856,140.011,4,0.459
157,2015,Stay with Me,Sam Smith,spotify:track:5Nm9ERjJZ5oyfXZTECKmRt,0.603,0.43,172724,0.428,0.000118,0,0.11,-6.416,1,0.0407,84.222,4,0.137
158,2015,You Know You Like It,DJ Snake and AlunaGeorge,spotify:track:57kR5SniQIbsbVoIjjOUDa,0.0113,0.426,247267,0.722,1.27e-06,5,0.262,-5.369,0,0.196,196.133,4,0.25
159,2015,Uma Thurman,Fall Out Boy,spotify:track:5PUawWFG1oIS2NwEcyHaCr,0.119,0.623,211573,0.956,0.000227,4,0.617,-2.608,0,0.0753,149.958,4,0.739
160,2015,7/11,Beyoncé,spotify:track:02M6vucOvmRfMxTXDUwRXu,0.0128,0.747,213507,0.705,0.0,9,0.126,-5.137,0,0.126,136.024,4,0.56
161,2015,The Heart Wants What It Wants,Selena Gomez,spotify:track:2dRvMEW4EwySxRUtEamSfG,0.0545,0.616,227360,0.778,0.0,7,0.142,-4.927,0,0.0387,83.065,4,0.655
162,2015,Girl Crush,Little Big Town,spotify:track:11qh54D0PKkBwelpDxxiEU,0.822,0.513,193320,0.221,0.0,0,0.113,-10.233,1,0.0302,173.865,3,0.354
163,2015,Slow Motion,Trey Songz,spotify:track:4NYwy0R3NdvORX2B6OZXBT,0.679,0.733,197854,0.408,3.92e-05,7,0.11,-7.834,0,0.0388,94.947,4,0.291
164,2015,Drag Me Down,One Direction,spotify:track:2K87XMYnUMqLcX3zvtAF4G,0.109,0.73,192120,0.703,0.0,0,0.0657,-5.672,0,0.0369,138.113,4,0.595
165,2015,Truffle Butter,Nicki Minaj featuring Drake and Lil Wayne,spotify:track:3keUgTGEoZJt0QkzTB6kHg,0.0525,0.896,219227,0.672,3.14e-05,10,0.12,-6.875,0,0.0479,105.098,4,0.523
166,2015,One Last Time,Ariana Grande,spotify:track:7xoUc6faLbCqZO6fQEYprd,0.093,0.628,197267,0.593,1.65e-06,8,0.096,-5.036,1,0.0323,125.026,4,0.104
167,2015,Chains,Nick Jonas,spotify:track:5Eg4TsPcqNbIjd8ADMZosg,0.014,0.538,203107,0.601,0.0,0,0.0723,-5.901,0,0.0472,151.895,4,0.169
168,2015,All Eyes on You,Meek Mill featuring Chris Brown and Nicki Minaj,spotify:track:0hy1SOTEn9ifXTzOwnCwEr,0.0242,0.589,223973,0.658,0.0,11,0.118,-5.288,0,0.203,77.521,4,0.251
169,2015,No Type,Rae Sremmurd,spotify:track:4scpF6J5uMBvoh6sFB7EL1,0.013,0.888,200080,0.483,4.85e-06,6,0.0926,-7.797,1,0.154,125.008,4,0.226
170,2015,Riptide,Vance Joy,spotify:track:3JvrhDOgAt6p7K8mDyZwRd,0.431,0.484,204280,0.731,0.0,1,0.151,-6.694,1,0.0379,101.654,4,0.51
171,2015,Classic Man,Jidenna featuring Roman GianArthur,spotify:track:3G7XYAwtxtoGK7fAm4IlD9,0.185,0.79,226000,0.585,0.0,8,0.292,-6.058,1,0.0348,94.072,4,0.585
172,2015,Ex's & Oh's,Elle King,spotify:track:70eDxAyAraNTiD6lx2ZEnH,0.0183,0.612,202173,0.921,0.0,7,0.0576,-2.879,1,0.0848,139.986,4,0.453
173,2015,Dear Future Husband,Meghan Trainor,spotify:track:3cU2wBxuV6nFiuf6PJZNlC,0.375,0.655,184227,0.782,0.0,1,0.317,-4.789,1,0.185,79.427,4,0.832
174,2015,Marvin Gaye,Charlie Puth featuring Meghan Trainor,spotify:track:6ukMqDxnOPOgoHdak7Kyp3,0.417,0.795,190453,0.616,0.0,1,0.349,-5.281,0,0.06,110.015,4,0.815
175,2015,Like I'm Gonna Lose You,Meghan Trainor featuring John Legend,spotify:track:2YlZnw2ikdb837oKMKjBkW,0.4,0.63,225053,0.53,0.0,0,0.177,-7.259,1,0.0434,108.038,3,0.417
176,2015,Habits (Stay High),Tove Lo,spotify:track:14OxJlLdcHNpgsm4DRwDOB,0.0664,0.73,209160,0.669,3.63e-05,5,0.0822,-3.494,1,0.0318,110.04,4,0.383
177,2015,The Hanging Tree,James Newton Howard featuring Jennifer Lawrence,spotify:track:416MsJxvxSKY96DCmbJIRs,0.329,0.255,218507,0.085,6.83e-05,9,0.201,-17.969,0,0.0359,94.26,4,0.109
178,2015,CoCo,O.T. Genasis,spotify:track:2JI71GHwq2LN8mtq3iCLYo,0.00215,0.886,239574,0.628,1.15e-05,8,0.31,-5.949,1,0.131,119.906,4,0.178
179,2015,Bang Bang,"Jessie J, Ariana Grande and Nicki Minaj",spotify:track:0puf9yIluy9W0vpMEUoAnN,0.292,0.703,199387,0.789,0.0,0,0.377,-3.423,0,0.0928,150.058,4,0.761
180,2015,Lay Me Down,Sam Smith,spotify:track:64GRDrL1efgXclrhVCeuA0,0.922,0.473,219536,0.192,0.0,4,0.106,-10.979,1,0.0417,125.152,4,0.335
181,2015,Tuesday,ILoveMakonnen featuring Drake,spotify:track:2znzyzlAUc8Z1Ikq9aFOcx,0.215,0.77,321987,0.664,0.000118,0,0.105,-5.604,1,0.211,140.163,4,0.472
182,2015,Hit the Quan,iLoveMemphis,spotify:track:4OjuzM3rTWp3q60mEldNSF,0.000235,0.741,181081,0.488,0.0,8,0.0488,-8.253,1,0.362,160.018,4,0.625
183,2015,Downtown,"Macklemore and Ryan Lewis featuring Eric Nally, Melle Mel, Kool Moe Dee and Grandmaster Caz",spotify:track:5pfJsMwoRYKampPay8amX0,0.0916,0.828,292593,0.609,1.21e-06,1,0.291,-4.402,1,0.0694,109.725,4,0.707
184,2015,House Party,Sam Hunt,spotify:track:1TwLKNsCnhi1HxbIi4bAW0,0.129,0.749,190240,0.854,0.0,8,0.0262,-5.245,1,0.0503,103.952,4,0.842
185,2015,Ayo,Chris Brown and Tyga,spotify:track:0k6DnZMLoEUH8NGD5zh2SE,0.0399,0.823,225227,0.563,0.0,6,0.0851,-5.095,1,0.0443,98.031,4,0.682
186,2015,Kick the Dust Up,Luke Bryan,spotify:track:5g15o2Sm55Hn9ShK5yEXgp,0.197,0.596,190587,0.855,0.0,1,0.11,-2.255,1,0.0474,172.082,4,0.811
187,2015,Blessings,Big Sean featuring Drake and Kanye West,spotify:track:1bzM1cd6oqFozdr4wK6HdR,0.315,0.789,252040,0.621,0.0,10,0.136,-7.685,0,0.283,118.891,4,0.158
188,2015,Budapest,George Ezra,spotify:track:7q0aQpiLv5tIsupcgQ3Ny4,0.0846,0.717,200733,0.455,0.0,5,0.11,-8.303,1,0.0276,127.81,4,0.389
189,2015,Chandelier,Sia,spotify:track:2s1sdSqGcKxpPr5lCl7jAV,0.0197,0.399,216120,0.787,6.07e-05,1,0.0685,-2.88,1,0.0499,117.089,5,0.572
190,2015,Heartbeat Song,Kelly Clarkson,spotify:track:7FC9Lng8iXU081lbigu8m8,0.0137,0.49,198733,0.798,0.0,6,0.0627,-3.66,1,0.0489,149.109,4,0.479
191,2015,Don't,Ed Sheeran,spotify:track:1huvTbEYtgltjQRXzrNKGi,0.0113,0.806,219840,0.608,0.0,1,0.635,-7.008,1,0.0659,95.049,4,0.849
192,2015,Ghost,Ella Henderson,spotify:track:4z7gh3aIZV9arbL9jJSc5J,0.0457,0.68,213213,0.84,8.38e-06,9,0.143,-3.823,1,0.0415,104.985,4,0.468
193,2015,Here,Alessia Cara,spotify:track:1wYZZtamWTQAoj8B812uKQ,0.0716,0.375,199453,0.822,0.0,0,0.0694,-4.029,1,0.167,123.363,4,0.353
194,2015,Waves,Mr Probz,spotify:track:5Sf3GyLEAzJXxZ5mbCPXTu,0.00821,0.829,208133,0.51,0.0014,5,0.0829,-9.334,0,0.0369,119.993,4,0.45
195,2015,El Perdón,Nicky Jam and Enrique Iglesias,spotify:track:7qCAVkHWZkF44OzOUKf8Cr,0.446,0.628,205907,0.69,0.0,8,0.112,-5.828,1,0.0511,179.911,4,0.662
196,2015,She Knows,Ne-Yo featuring Juicy J,spotify:track:7seTcUFOhn5caSDbiSfsp0,0.0301,0.701,214726,0.58,0.0,8,0.538,-5.864,0,0.0329,139.992,4,0.58
197,2015,Night Changes,One Direction,spotify:track:5O2P9iiztwhomNh8xkR9lJ,0.859,0.672,226600,0.52,0.0,8,0.115,-7.747,1,0.0353,120.001,4,0.37
198,2015,Back to Back,Drake,spotify:track:5lFDtgWsjRJu8fPOAyJIAK,0.00898,0.635,170638,0.472,0.0,8,0.117,-3.869,0,0.511,174.008,4,0.373
199,2015,How Deep Is Your Love,Calvin Harris and Disciples,spotify:track:22mek4IiqubGD9ctzxc69s,0.0389,0.738,212640,0.868,0.00171,11,0.388,-4.373,0,0.0731,122.003,4,0.336
200,2016,Love Yourself,Justin Bieber,spotify:track:50kpGaPAhYJ3sGmk6vplg0,0.856,0.607,233720,0.376,0.0,4,0.285,-9.954,1,0.453,102.541,4,0.545
201,2016,Sorry,Justin Bieber,spotify:track:09CtPGIpYB4BrO8qb1RGsF,0.0865,0.605,200787,0.768,0.0,0,0.308,-3.724,0,0.0476,100.209,4,0.414
202,2016,One Dance,Drake featuring Wizkid and Kyla,spotify:track:1zi7xx7UVEFkmKfv06H8x0,0.00842,0.796,173987,0.61,0.00286,1,0.351,-5.857,1,0.0516,103.99,4,0.391
203,2016,Work,Rihanna featuring Drake,spotify:track:32lmL4vQAAotg6MrJnhlQZ,0.0644,0.667,219320,0.538,0.0,11,0.0928,-6.294,1,0.0953,91.296,4,0.527
204,2016,Stressed Out,Twenty One Pilots,spotify:track:3CRDbSIZ4r5MsZ0YwxuEkn,0.0462,0.734,202333,0.637,2.29e-05,4,0.0602,-5.677,0,0.141,169.977,4,0.648
205,2016,Panda,Desiigner,spotify:track:275a9yzwGB6ncAW4SxY7q3,0.0235,0.72,247867,0.748,0.0,10,0.369,-5.522,0,0.393,145.22,4,0.246
206,2016,Hello,Adele,spotify:track:4sPmO7WMQUAf45kwMOtONw,0.336,0.481,295493,0.451,0.0,5,0.0872,-6.095,0,0.0347,157.966,4,0.289
207,2016,Don't Let Me Down,The Chainsmokers featuring Daya,spotify:track:1i1fxkWeaMmKEB4T7zqbzK,0.157,0.532,208373,0.869,0.00508,11,0.136,-5.094,1,0.172,159.803,4,0.422
208,2016,Can't Stop the Feeling!,Justin Timberlake,spotify:track:1WkMMavIMc4JZ8cfMmxHkI,0.0106,0.669,237547,0.832,0.0,0,0.0968,-5.72,1,0.0682,113.035,4,0.7
209,2016,Closer,The Chainsmokers featuring Halsey,spotify:track:7BKLCZ1jbUBVqRi2FVlTVw,0.414,0.748,244960,0.524,0.0,8,0.111,-5.599,1,0.0338,95.01,4,0.661
210,2016,Cheap Thrills,Sia featuring Sean Paul,spotify:track:3S4px9f4lceWdKf0gWciFu,0.0472,0.628,211667,0.698,0.00143,6,0.0907,-5.608,0,0.105,89.976,4,0.732
211,2016,7 Years,Lukas Graham,spotify:track:5kqIPrATaCc2LqxVWzQGbk,0.287,0.765,237300,0.473,0.0,10,0.391,-5.829,1,0.0514,119.992,4,0.34
212,2016,Needed Me,Rihanna,spotify:track:1Tt4sE4pXi57mTD1GCzsqm,0.107,0.688,191600,0.325,0.0,5,0.0837,-8.083,0,0.251,110.888,4,0.275
213,2016,My House,Flo Rida,spotify:track:6Knv6wdA0luoMUuuoYi2i1,0.0215,0.688,192191,0.702,0.0,7,0.128,-4.792,0,0.0499,94.006,4,0.74
214,2016,I Took a Pill in Ibiza,Mike Posner,spotify:track:1MtUq6Wp1eQ8PC6BbPCj8P,0.034,0.665,197933,0.725,9.17e-06,7,0.0864,-6.588,0,0.12,101.96,4,0.703
215,2016,Work from Home,Fifth Harmony featuring Ty Dolla $ign,spotify:track:4tCtwWceOPWzenK2HAIJSb,0.103,0.803,214480,0.585,3.94e-06,8,0.0644,-5.861,1,0.0432,105.017,4,0.593
216,2016,This Is What You Came For,Calvin Harris featuring Rihanna,spotify:track:0azC730Exh71aQlOt9Zj3y,0.199,0.63,222160,0.928,0.124,9,0.148,-2.787,0,0.0331,123.963,4,0.465
217,2016,Cake by the Ocean,DNCE,spotify:track:76hfruVvmfQbw0eYn1nmeC,0.156,0.774,219147,0.765,0.0,4,0.0373,-5.439,0,0.0502,119.001,4,0.917
218,2016,"Me, Myself & I",G-Eazy and Bebe Rexha,spotify:track:40YcuQysJ0KlGQTeGUosTC,0.0186,0.757,251467,0.672,0.0,0,0.158,-6.524,0,0.0955,111.996,4,0.382
219,2016,Ride,Twenty One Pilots,spotify:track:2Z8WuEywRWYTKe1NybPQEW,0.00835,0.645,214507,0.713,0.0,6,0.113,-5.355,1,0.0393,74.989,4,0.566
220,2016,Heathens,Twenty One Pilots,spotify:track:6i0V12jOa3mr6uu4WYhUBr,0.0841,0.732,195920,0.396,3.58e-05,4,0.105,-9.348,0,0.0286,90.024,4,0.548
221,2016,Pillowtalk,Zayn,spotify:track:0PDUDa38GO8lMxLCRc4lL1,0.117,0.584,202747,0.7,0.0,11,0.0939,-4.275,1,0.0456,124.944,4,0.438
222,2016,Stitches,Shawn Mendes,spotify:track:5jsw9uXEGuKyJzs0boZ1bT,0.0196,0.592,206880,0.752,0.0,1,0.0477,-6.589,1,0.114,74.784,4,0.726
223,2016,Hotline Bling,Drake,spotify:track:0wwPcA6wtMf6HUMpIRdeP7,0.00302,0.903,267067,0.621,0.000186,2,0.0504,-8.132,1,0.0578,134.969,4,0.553
224,2016,Cold Water,Major Lazer featuring Justin Bieber and MØ,spotify:track:7zsXy7vlHdItvUSH8EwQss,0.055,0.602,185360,0.797,0.0,6,0.187,-5.084,0,0.0534,92.928,4,0.492
225,2016,Send My Love (To Your New Lover),Adele,spotify:track:4BHzQ9C00ceJxfG16AlNWb,0.0415,0.69,223080,0.524,3.16e-06,6,0.17,-8.39,0,0.103,164.023,4,0.562
226,2016,Roses,The Chainsmokers featuring Rozes,spotify:track:3vv9phIu6Y1vX3jcqaGz5Z,0.0435,0.713,226739,0.802,0.00377,4,0.309,-7.055,1,0.0561,100.001,4,0.343
227,2016,Treat You Better,Shawn Mendes,spotify:track:3QGsuHI8jO1Rx4JWLUh9jd,0.118,0.672,187973,0.81,0.0,10,0.106,-4.104,0,0.226,82.888,4,0.771
228,2016,Too Good,Drake featuring Rihanna,spotify:track:3BtuIIrQlkujKPuWF2B85z,0.0662,0.82,263373,0.641,5.07e-05,4,0.102,-7.811,0,0.116,117.974,4,0.395
229,2016,Low Life,Future featuring The Weeknd,spotify:track:7EiZI6JVHllARrX9PUvAdX,0.337,0.722,313547,0.331,0.283,8,0.146,-7.789,1,0.0725,143.974,4,0.102
230,2016,What Do You Mean?,Justin Bieber,spotify:track:4B0JvthVoAAuygILe3n4Bs,0.61,0.837,205680,0.571,0.000898,5,0.0849,-8.273,0,0.0922,125.034,4,0.801
231,2016,The Hills,The Weeknd,spotify:track:7fBv7CLKzipRk6EC6TWHOB,0.0635,0.54,242253,0.561,0.0,0,0.137,-6.987,0,0.0699,113.295,4,0.107
232,2016,Just Like Fire,Pink,spotify:track:7K5dzhGda2vRTaAWYI3hrb,0.0114,0.632,215414,0.701,0.0,7,0.108,-5.921,1,0.146,162.958,4,0.497
233,2016,Broccoli,DRAM featuring Lil Yachty,spotify:track:0qy5D3OJre7SPJNMOL9I71,0.236,0.886,225205,0.525,0.0,8,0.057,-7.39,1,0.132,145.99,4,0.708
234,2016,Don't,Bryson Tiller,spotify:track:3pXF1nA74528Edde4of9CC,0.222,0.765,198293,0.356,0.0,11,0.0963,-5.556,0,0.196,97.001,4,0.19
235,2016,Dangerous Woman,Ariana Grande,spotify:track:7l94dyN2hX9c6wWcZQuOGJ,0.0499,0.672,235947,0.605,0.0,7,0.357,-5.353,1,0.0378,134.015,3,0.297
236,2016,Jumpman,Drake and Future,spotify:track:27GmP9AWRs744SzKcpJsTZ,0.0565,0.853,205879,0.547,0.0,1,0.341,-7.535,1,0.194,142.065,4,0.676
237,2016,"I Hate U, I Love U",Gnash featuring Olivia O'Brien,spotify:track:7vRriwrloYVaoAe3a9wJHe,0.687,0.492,251034,0.275,0.0,6,0.101,-13.4,0,0.3,92.6,4,0.18
238,2016,Here,Alessia Cara,spotify:track:1wYZZtamWTQAoj8B812uKQ,0.0716,0.375,199453,0.822,0.0,0,0.0694,-4.029,1,0.167,123.363,4,0.353
239,2016,Same Old Love,Selena Gomez,spotify:track:1BZG99C7Co1r6QUC3zaS59,0.0236,0.671,229080,0.596,0.0,11,0.228,-4.005,0,0.031,98.025,4,0.444
240,2016,Controlla,Drake,spotify:track:4CpKEkdGbOJV51cSvx7SoG,0.0962,0.747,245227,0.477,0.0,10,0.114,-11.062,0,0.276,93.44,4,0.321
241,2016,Like I'm Gonna Lose You,Meghan Trainor featuring John Legend,spotify:track:2YlZnw2ikdb837oKMKjBkW,0.4,0.63,225053,0.53,0.0,0,0.177,-7.259,1,0.0434,108.038,3,0.417
242,2016,One Call Away,Charlie Puth,spotify:track:7soJgKhQTO8hLP2JPRkL5O,0.403,0.667,194453,0.613,0.0,1,0.115,-5.353,1,0.0344,91.024,4,0.47
243,2016,Let It Go,James Bay,spotify:track:13HVjjWUZFaWilh2QUJKsP,0.804,0.568,260533,0.293,1.26e-05,1,0.107,-10.253,1,0.0313,147.175,4,0.247
244,2016,No,Meghan Trainor,spotify:track:7fCNUWi6uflDTQ08srxMZk,0.0224,0.827,152862,0.658,0.0,6,0.0417,-3.846,1,0.0517,115.016,4,0.523
245,2016,Never Forget You,Zara Larsson and MNEK,spotify:track:6hmhG1b4LEyNuashVvuIAo,0.00312,0.583,213428,0.732,9.86e-06,11,0.269,-5.728,0,0.0457,145.992,4,0.276
246,2016,Let Me Love You,DJ Snake featuring Justin Bieber,spotify:track:0lYBSQXN6rCTvUZvg9S0lU,0.0771,0.652,205947,0.713,1.02e-05,8,0.144,-5.311,1,0.0368,100.023,4,0.152
247,2016,Don't Mind,Kent Jones,spotify:track:27PmvZoffODNFW2p7ehZTQ,0.0235,0.464,198237,0.771,0.0,8,0.063,-4.503,1,0.336,158.777,4,0.69
248,2016,H.O.L.Y.,Florida Georgia Line,spotify:track:0BCy325UZyR9z0t0uxwn2N,0.385,0.525,194187,0.685,0.0,7,0.0731,-3.954,0,0.0351,78.003,4,0.54
249,2016,We Don't Talk Anymore,Charlie Puth featuring Selena Gomez,spotify:track:37FXw5QGFN7uwwsLy8uAc0,0.621,0.728,217707,0.563,0.0,1,0.179,-8.053,0,0.134,100.017,4,0.352
250,2016,Into You,Ariana Grande,spotify:track:2meEiZKWkiN28gITzFwQo5,0.0153,0.636,244453,0.728,1.46e-06,9,0.154,-5.871,1,0.0999,107.986,4,0.384
251,2016,Gold,Kiiara,spotify:track:6ZSO7kPn8IMJFymyticbJO,0.615,0.6,225882,0.412,0.0025,8,0.134,-9.343,1,0.344,113.049,5,0.408
252,2016,Exchange,Bryson Tiller,spotify:track:43PuMrRfbyyuz4QpZ3oAwN,0.108,0.53,194613,0.433,0.0,6,0.135,-10.598,1,0.185,160.14,4,0.274
253,2016,679,Fetty Wap featuring Remy Boyz,spotify:track:5NQbUaeTEOGdD6hHcre0dZ,0.00256,0.618,196693,0.717,0.0,7,0.625,-5.738,1,0.318,190.05,4,0.603
254,2016,Oui,Jeremih,spotify:track:0PJIbOdMs3bd5AT8liULMQ,0.192,0.715,238320,0.703,0.0,5,0.113,-3.825,1,0.0503,119.749,4,0.596
255,2016,Hands to Myself,Selena Gomez,spotify:track:1LoriJC05IrHIDwj3q0KC1,0.0165,0.803,200680,0.504,5.25e-06,5,0.335,-7.218,0,0.0979,111.014,4,0.498
256,2016,2 Phones,Kevin Gates,spotify:track:0wdKiSBUT7aZkXUIdJWcwC,0.157,0.895,240000,0.681,0.0,7,0.189,-5.267,0,0.358,121.918,4,0.554
257,2016,Starboy,The Weeknd featuring Daft Punk,spotify:track:7MXVkk9YMctZqd1Srtv4MB,0.168,0.675,230453,0.595,3.36e-06,7,0.136,-7.033,1,0.284,185.998,4,0.491
258,2016,For Free,DJ Khaled featuring Drake,spotify:track:4JDZl9nKIAhAhDjw753u4X,0.0173,0.916,183695,0.571,1.11e-06,10,0.153,-8.241,0,0.2,103.521,4,0.498
259,2016,Never Be Like You,Flume featuring Kai,spotify:track:5WI2ltQIdwgzf1SNE76JyR,0.453,0.444,234910,0.557,0.0,0,0.152,-5.476,1,0.0602,115.058,4,0.296
260,2016,In the Night,The Weeknd,spotify:track:25KybV9BOUlvcnv7nN3Pyo,0.0794,0.317,235653,0.683,0.0,7,0.0465,-4.989,1,0.134,167.615,3,0.538
261,2016,Me Too,Meghan Trainor,spotify:track:3KwwE4sgCzMaKWq6QBebmX,0.0962,0.934,181240,0.694,1.2e-06,11,0.478,-5.849,0,0.101,123.829,4,0.835
262,2016,Ex's & Oh's,Elle King,spotify:track:70eDxAyAraNTiD6lx2ZEnH,0.0183,0.612,202173,0.921,0.0,7,0.0576,-2.879,1,0.0848,139.986,4,0.453
263,2016,Die a Happy Man,Thomas Rhett,spotify:track:5kNe7PE09d6Kvw5pAsx23n,0.381,0.66,227427,0.383,0.0,2,0.119,-9.377,1,0.0304,83.096,4,0.381
264,2016,White Iverson,Post Malone,spotify:track:6eT7xZZlB2mwyzJ2sUKG6w,0.216,0.674,256533,0.568,0.0,7,0.0863,-7.678,1,0.0349,130.081,4,0.321
265,2016,Close,Nick Jonas featuring Tove Lo,spotify:track:3lSDIJ2abCrOdDJ6pshUap,0.258,0.667,234213,0.624,0.0,6,0.145,-5.397,0,0.0698,124.012,4,0.39
266,2016,Unsteady,X Ambassadors,spotify:track:7lGKEWMXVWWTt3X71Bv44I,0.177,0.598,193546,0.673,0.000316,9,0.203,-6.134,0,0.0469,117.02,4,0.255
267,2016,Sucker for Pain,"Lil Wayne, Wiz Khalifa and Imagine Dragons with Logic and Ty Dolla $ign featuring X Ambassadors",spotify:track:4dASQiO1Eoo3RJvt74FtXB,0.255,0.502,243491,0.786,0.0,9,0.65,-4.378,0,0.317,169.021,4,0.739
268,2016,Down in the DM,Yo Gotti featuring Nicki Minaj,spotify:track:1LxKKYsJNPeBdOwdudsJzv,0.00157,0.776,182733,0.662,2.1e-05,1,0.0887,-7.016,0,0.0489,152.927,4,0.324
269,2016,Luv,Tory Lanez,spotify:track:16Ah4QqH4mgYVXqfC4mdSd,0.0108,0.539,228640,0.528,0.0,11,0.117,-8.113,0,0.252,190.169,4,0.252
270,2016,Sorry,Beyoncé,spotify:track:4k8Kq3yLE7I7umYfN08YCU,0.942,0.536,179435,0.11,0.00106,11,0.1,-17.493,0,0.0482,129.935,4,0.169
271,2016,Can't Feel My Face,The Weeknd,spotify:track:22VdIZQfgXJea34mQxlt81,0.109,0.711,213520,0.783,0.0,9,0.0947,-5.407,0,0.0423,107.972,4,0.587
272,2016,Hymn for the Weekend,Coldplay,spotify:track:6s3GEN8wK0OMzzzZbXj0fu,0.00868,0.565,212647,0.849,4.68e-06,0,0.12,-3.516,0,0.0517,102.034,4,0.427
273,2016,Say It,Tory Lanez,spotify:track:2Gyc6e2cLxA5hoX1NOvYnU,0.0862,0.546,237787,0.529,6.5e-06,11,0.124,-10.511,0,0.0583,107.331,4,0.247
274,2016,Antidote,Travis Scott,spotify:track:1wHZx0LgzFHyeIZkUydNXq,0.00767,0.713,262693,0.526,0.000148,1,0.124,-5.046,1,0.032,131.05,4,0.131
275,2016,Lost Boy,Ruth B,spotify:track:4h0zU3O9R5xzuTmNO7dNDU,0.965,0.71,275280,0.0565,0.0,7,0.0889,-15.099,1,0.0534,123.994,4,0.348
276,2016,Side to Side,Ariana Grande featuring Nicki Minaj,spotify:track:1pKeFVVUOPjFsOABub0OaV,0.0373,0.65,226160,0.728,0.0,6,0.328,-5.914,0,0.232,159.167,4,0.619
277,2016,"Sit Still, Look Pretty",Daya,spotify:track:0EGuSSpuu9wmHCtvb4PdLO,0.141,0.657,202221,0.739,0.0,2,0.178,-4.081,1,0.274,181.994,4,0.543
278,2016,Wildest Dreams,Taylor Swift,spotify:track:59HjlYCeBsxdI0fcm3zglw,0.0612,0.556,220440,0.688,0.00256,8,0.112,-7.328,1,0.0856,140.011,4,0.459
279,2016,Middle,DJ Snake featuring Bipolar Sunshine,spotify:track:0g5EKLgdKvNlln7TNqBByK,0.0203,0.586,220573,0.701,0.0,1,0.055,-5.326,0,0.0416,104.957,4,0.254
280,2016,On My Mind,Ellie Goulding,spotify:track:4nS1sut0R2mgmFitKIShVe,0.279,0.697,213445,0.687,5.11e-06,2,0.0861,-6.574,0,0.0537,154.921,4,0.75
281,2016,Pop Style,Drake featuring The Throne,spotify:track:5mPSyjLatqB00IkPqRlbTE,0.187,0.718,212947,0.458,3.43e-06,4,0.105,-10.024,0,0.117,132.998,4,0.0514
282,2016,When We Were Young,Adele,spotify:track:7IWkJwX9C0J7tHurTD7ViL,0.348,0.381,290907,0.594,0.0,3,0.0925,-5.97,1,0.0486,143.86,4,0.273
283,2016,Hide Away,Daya,spotify:track:0uyZ5ckiIUbFZd3P6RWmrj,0.225,0.885,192376,0.801,1.65e-06,11,0.0733,-4.716,0,0.0882,95.011,4,0.466
284,2016,Lean On,Major Lazer and DJ Snake featuring MØ,spotify:track:1YAWPd6beey1hE9Hr0jFqQ,0.0259,0.781,230698,0.746,0.0,5,0.0572,-4.463,0,0.0675,98.008,4,0.34
285,2016,I Know What You Did Last Summer,Shawn Mendes and Camila Cabello,spotify:track:2GyA33q5rti5IxkMQemRDH,0.112,0.695,223853,0.774,0.0,9,0.148,-4.543,0,0.0944,114.043,4,0.744
286,2016,All the Way Up,"Fat Joe, Remy Ma and Jay Z featuring French Montana and Infared",spotify:track:2AYTGaclgKXACh13nJRVcV,0.097,0.564,284831,0.717,0.0,10,0.493,-6.403,0,0.397,117.489,5,0.423
287,2016,Watch Me,Silentó,spotify:track:5RIVoVdkDLEygELLCniZFr,0.247,0.821,185143,0.759,0.0,8,0.321,-8.541,1,0.121,140.01,4,0.962
288,2016,Back to Sleep,Chris Brown,spotify:track:6dlpABcXrQKRU9G00i6Zba,0.0424,0.647,201253,0.646,0.0,9,0.0888,-5.483,0,0.243,92.981,4,0.721
289,2016,No Limit,Usher featuring Young Thug,spotify:track:5is2KiI0FDPLPLRq9hFybw,0.0799,0.717,228613,0.523,0.0,10,0.206,-6.506,0,0.0611,127.047,4,0.282
290,2016,Cut It,O.T. Genasis featuring Young Dolph,spotify:track:376KnY4TrgBITxjlnbnmIy,0.135,0.875,222600,0.673,0.0,7,0.292,-4.184,1,0.0932,130.0,4,0.231
291,2016,Really Really,Kevin Gates,spotify:track:10I3CmmwT0BkOVhduDy53o,0.00427,0.762,232093,0.666,0.0,0,0.127,-6.055,1,0.0916,118.97,4,0.278
292,2016,All In My Head (Flex),Fifth Harmony featuring Fetty Wap,spotify:track:7nD9nN3jord9wWcfW3Gkcm,0.023,0.689,210573,0.791,0.0,0,0.0526,-5.194,0,0.053,95.04,4,0.755
293,2016,Starving,Hailee Steinfeld and Grey featuring Zedd,spotify:track:4Ce37cRWvM1vIGGynKcs22,0.39,0.712,181880,0.62,0.0,4,0.0994,-4.187,1,0.0888,99.953,4,0.494
294,2016,Adventure of a Lifetime,Coldplay,spotify:track:69uxyAqqPIsUyTO8txoP2M,0.00205,0.638,263787,0.924,0.000173,7,0.149,-3.887,1,0.0359,111.995,4,0.529
295,2016,Humble and Kind,Tim McGraw,spotify:track:3Rkk851fZjIsglV2jbBPDd,0.693,0.349,257360,0.486,1.73e-06,11,0.122,-7.232,1,0.0289,101.053,3,0.158
296,2016,Wicked,Future,spotify:track:6BbINUfGabVyiNFJpQXn3x,0.00191,0.718,173347,0.679,0.0104,11,0.385,-5.899,0,0.0706,157.97,4,0.205
297,2016,Tiimmy Turner,Desiigner,spotify:track:3NJG6vMH1ZsectZkocMEm0,0.181,0.597,239853,0.743,0.0,6,0.0796,-3.095,1,0.042,122.798,4,0.299
298,2016,See You Again,Wiz Khalifa featuring Charlie Puth,spotify:track:2JzZzZUQj3Qff7wapcbKjc,0.369,0.689,229526,0.481,1.03e-06,10,0.0649,-7.503,1,0.0815,80.025,4,0.283
299,2016,Perfect,One Direction,spotify:track:3NLnwwAQbbFKcEcV8hDItk,0.0598,0.647,230333,0.823,0.0,2,0.119,-5.231,1,0.0762,99.933,4,0.396
300,2017,Shape of You,Ed Sheeran,spotify:track:7qiZfU4dY1lWllzX7mPBI3,0.581,0.825,233713,0.652,0.0,1,0.0931,-3.183,0,0.0802,95.977,4,0.931
301,2017,Despacito,Luis Fonsi and Daddy Yankee featuring Justin Bieber,spotify:track:6rPO02ozF3bM7NnOV4h6s2,0.222,0.63,228827,0.815,0.0,2,0.091,-4.265,1,0.152,88.357,4,0.813
302,2017,That's What I Like,Bruno Mars,spotify:track:0KKkJNfGyhkQ5aFogxQAPU,0.013,0.853,206693,0.56,0.0,1,0.0944,-4.961,1,0.0406,134.066,4,0.86
303,2017,Humble,Kendrick Lamar,spotify:track:7KXjTSCq5nL1LoYtL7XAwS,0.000259,0.904,177000,0.611,2.03e-05,1,0.0976,-6.842,0,0.0888,150.02,4,0.4
304,2017,Something Just Like This,The Chainsmokers and Coldplay,spotify:track:1dNIEtp7AY3oDAKCGg2XkH,0.0306,0.607,247627,0.649,2.46e-05,11,0.174,-6.695,0,0.0362,102.996,4,0.505
305,2017,Bad and Boujee,Migos featuring Lil Uzi Vert,spotify:track:4Km5HrUvYTaSUfiSGPJeQR,0.061,0.927,343150,0.665,0.0,11,0.123,-5.313,1,0.244,127.076,4,0.175
306,2017,Closer,The Chainsmokers featuring Halsey,spotify:track:7BKLCZ1jbUBVqRi2FVlTVw,0.414,0.748,244960,0.524,0.0,8,0.111,-5.599,1,0.0338,95.01,4,0.661
307,2017,Body Like a Back Road,Sam Hunt,spotify:track:7mldq42yDuxiUNn08nvzHO,0.463,0.731,165387,0.469,1.04e-06,5,0.103,-7.226,1,0.0326,98.963,4,0.631
308,2017,Believer,Imagine Dragons,spotify:track:5VKSZDsidOFHrtlJb33Syo,0.0492,0.784,204347,0.78,0.0,10,0.118,-4.275,0,0.102,124.953,4,0.722
309,2017,Congratulations,Post Malone featuring Quavo,spotify:track:3a1lNhkSLSkpJE4MSHpDu9,0.198,0.627,220293,0.812,0.0,6,0.212,-4.215,1,0.0358,123.071,4,0.504
310,2017,Say You Won't Let Go,James Arthur,spotify:track:5uCax9HTNlzGybIStD3vDh,0.695,0.358,211467,0.557,0.0,10,0.0902,-7.398,1,0.059,85.043,4,0.494
311,2017,I'm the One,"DJ Khaled featuring Justin Bieber, Quavo, Chance the Rapper and Lil Wayne",spotify:track:1jYiIOC5d6soxkJP81fxq2,0.0533,0.599,288877,0.667,0.0,7,0.134,-4.267,1,0.0367,80.984,4,0.817
312,2017,XO Tour Llif3,Lil Uzi Vert,spotify:track:7GX5flRQZVHRAGd6B4TmDO,0.00264,0.732,182707,0.75,0.0,11,0.109,-6.366,0,0.231,155.096,4,0.401
313,2017,Mask Off,Future,spotify:track:0VgkVdmE4gld66l8iyGjgx,0.0102,0.833,204600,0.434,0.0219,2,0.165,-8.795,1,0.431,150.062,4,0.281
314,2017,Unforgettable,French Montana featuring Swae Lee,spotify:track:3B54sVLJ402zGa6Xm4YGNe,0.0293,0.726,233902,0.769,0.0101,6,0.104,-5.043,1,0.123,97.985,4,0.733
315,2017,24K Magic,Bruno Mars,spotify:track:6b8Be6ljOzmkOmFslEb23P,0.034,0.818,225983,0.803,0.0,1,0.153,-4.282,1,0.0797,106.97,4,0.632
316,2017,Stay,Zedd and Alessia Cara,spotify:track:6uBhi9gBXWjanegOb2Phh0,0.238,0.457,210091,0.627,0.0,5,0.116,-5.091,0,0.111,101.384,4,0.554
317,2017,Wild Thoughts,DJ Khaled featuring Rihanna and Bryson Tiller,spotify:track:45XhKYRRkyeqoW3teSOkCM,0.0287,0.613,204664,0.681,0.0,8,0.126,-3.089,1,0.0778,97.621,4,0.619
318,2017,Black Beatles,Rae Sremmurd featuring Gucci Mane,spotify:track:6fujklziTHa8uoM5OQSfIo,0.13,0.794,291893,0.646,0.0,0,0.14,-6.235,1,0.0614,145.931,4,0.322
319,2017,Starboy,The Weeknd featuring Daft Punk,spotify:track:7MXVkk9YMctZqd1Srtv4MB,0.168,0.675,230453,0.595,3.36e-06,7,0.136,-7.033,1,0.284,185.998,4,0.491
320,2017,Location,Khalid,spotify:track:152lZdxL1OR0ZMW6KquMif,0.33,0.736,219080,0.449,0.000162,1,0.0898,-11.462,0,0.425,80.126,4,0.326
321,2017,Attention,Charlie Puth,spotify:track:5cF0dROlMOK5uNZtivgu50,0.109,0.775,208787,0.613,2.33e-05,3,0.134,-4.586,0,0.0542,100.066,4,0.797
322,2017,There's Nothing Holdin' Me Back,Shawn Mendes,spotify:track:7JJmb5XwzOO8jgpou264Ml,0.357,0.858,199440,0.799,0.0,2,0.091,-4.034,1,0.0589,121.991,4,0.966
323,2017,Bodak Yellow (Money Moves),Cardi B,spotify:track:6KBYefIoo7KydImq1uUQlL,0.0659,0.926,223713,0.703,0.0,11,0.231,-6.337,0,0.103,125.022,4,0.485
324,2017,Redbone,Childish Gambino,spotify:track:3kxfsdsCpFgN412fpnW85Y,0.199,0.743,326933,0.359,0.00611,1,0.137,-10.401,1,0.0794,160.083,4,0.587
325,2017,I Don't Wanna Live Forever,Zayn and Taylor Swift,spotify:track:2y5aJvzXhHPA94U5GFAcXe,0.0578,0.737,245653,0.452,1.48e-05,0,0.187,-8.366,1,0.0534,117.962,4,0.096
326,2017,It Ain't Me,Kygo and Selena Gomez,spotify:track:12GEpg2XOPyqk03JZEZnJs,0.0905,0.648,220781,0.532,0.0,0,0.0831,-6.597,1,0.0746,99.983,4,0.487
327,2017,iSpy,Kyle featuring Lil Yachty,spotify:track:2EEeOnHehOozLq4aS0n6SL,0.378,0.746,253107,0.653,0.0,7,0.229,-6.745,1,0.289,75.016,4,0.672
328,2017,Issues,Julia Michaels,spotify:track:7vu0JkJh0ldukEYbTVcqd0,0.427,0.725,176320,0.42,0.0,8,0.061,-6.811,1,0.0811,113.975,4,0.424
329,2017,Scars to Your Beautiful,Alessia Cara,spotify:track:0prNGof3XqfTvNDxHonvdK,0.0294,0.591,230227,0.741,0.0,0,0.11,-5.751,1,0.139,97.048,4,0.452
330,2017,1-800-273-8255,Logic featuring Alessia Cara and Khalid,spotify:track:5tz69p7tJuGPeMGwNTxYuV,0.57,0.629,250173,0.572,0.0,5,0.192,-7.733,0,0.0387,100.015,4,0.386
331,2017,Slow Hands,Niall Horan,spotify:track:27vTihlWXiz9f9lJM3XGVU,0.0133,0.726,188174,0.429,0.0,0,0.0574,-6.623,1,0.0519,85.899,4,0.871
332,2017,Love on the Brain,Rihanna,spotify:track:2aksifNn5ph8igDOkPBA02,0.0848,0.506,224000,0.641,8.09e-06,4,0.073,-4.815,0,0.0456,171.957,3,0.393
333,2017,I Feel It Coming,The Weeknd featuring Daft Punk,spotify:track:3dhjNA0jGA8vHBQ1VdD6vV,0.44,0.767,269187,0.819,0.0,0,0.0863,-5.945,0,0.127,92.99,4,0.583
334,2017,Bounce Back,Big Sean,spotify:track:0SGkqnVQo9KPytSri1H6cF,0.105,0.77,222360,0.567,0.0,2,0.125,-5.698,1,0.175,81.477,4,0.26
335,2017,Strip That Down,Liam Payne featuring Quavo,spotify:track:4Ro98RCK90oHqqSZUnTFq5,0.221,0.87,204502,0.488,0.0,6,0.0767,-5.586,1,0.0537,106.008,4,0.519
336,2017,Fake Love,Drake,spotify:track:343YBumqHu19cGoGARUTsd,0.108,0.927,210937,0.488,0.0,9,0.196,-9.433,0,0.42,133.987,4,0.605
337,2017,Don't Wanna Know,Maroon 5 featuring Kendrick Lamar,spotify:track:1nueTG77MzNkJTKQ0ZdGzT,0.343,0.783,214265,0.61,0.0,7,0.0983,-6.124,1,0.0696,100.047,4,0.418
338,2017,Look What You Made Me Do,Taylor Swift,spotify:track:1P17dC1amhFzptugyAO7Il,0.189,0.769,211853,0.709,1.72e-05,9,0.133,-6.432,0,0.139,128.063,4,0.514
339,2017,Castle on the Hill,Ed Sheeran,spotify:track:6PCUP3dWmTjcTtXY02oFdT,0.0232,0.461,261154,0.834,1.14e-05,2,0.14,-4.868,1,0.0989,135.007,4,0.471
340,2017,Bad Things,Machine Gun Kelly and Camila Cabello,spotify:track:1KzGj3xvi9IiY05kBlkm2G,0.192,0.677,239293,0.694,0.0,2,0.178,-4.752,1,0.128,137.847,4,0.287
341,2017,Paris,The Chainsmokers,spotify:track:15vzANxN8G9wWfwAJLLMCg,0.0243,0.646,221520,0.644,0.0,2,0.0888,-6.763,1,0.031,99.999,4,0.251
342,2017,Side to Side,Ariana Grande featuring Nicki Minaj,spotify:track:1pKeFVVUOPjFsOABub0OaV,0.0373,0.65,226160,0.728,0.0,6,0.328,-5.914,0,0.232,159.167,4,0.619
343,2017,Rockabye,Clean Bandit featuring Sean Paul and Anne-Marie,spotify:track:5knuzwU65gJK7IF5yJsuaW,0.406,0.72,251088,0.763,0.0,9,0.18,-4.068,0,0.0523,101.965,4,0.742
344,2017,Feel It Still,Portugal. The Man,spotify:track:6QgjcU0zLnzq5OrUoSZ3OK,0.0417,0.801,163253,0.795,0.000113,1,0.0717,-5.115,0,0.0504,79.028,4,0.754
345,2017,Let Me Love You,DJ Snake featuring Justin Bieber,spotify:track:0lYBSQXN6rCTvUZvg9S0lU,0.0771,0.652,205947,0.713,1.02e-05,8,0.144,-5.311,1,0.0368,100.023,4,0.152
346,2017,Sorry Not Sorry,Demi Lovato,spotify:track:3Du2K5dLzmduCNp6uwuaL0,0.0223,0.702,203760,0.635,0.0,11,0.283,-6.917,0,0.265,144.004,4,0.873
347,2017,Bank Account,21 Savage,spotify:track:2fQrGHiQOvpL9UgPvtYy6G,0.0151,0.884,220307,0.346,7.04e-06,8,0.0871,-8.228,0,0.351,75.016,4,0.376
348,2017,Can't Stop the Feeling!,Justin Timberlake,spotify:track:1WkMMavIMc4JZ8cfMmxHkI,0.0106,0.669,237547,0.832,0.0,0,0.0968,-5.72,1,0.0682,113.035,4,0.7
349,2017,Mi Gente,J Balvin and Willy William featuring Beyoncé,spotify:track:4ipnJyDU3Lq15qBAYNqlqK,0.0164,0.535,189440,0.678,1.31e-05,11,0.128,-4.906,0,0.0998,102.681,4,0.287
350,2017,Thunder,Imagine Dragons,spotify:track:7BrsBU0BAytRDvROM4yCbn,0.00763,0.601,187147,0.809,0.0757,0,0.145,-4.814,1,0.0441,167.96,4,0.249
351,2017,T-Shirt,Migos,spotify:track:7KOlJ92bu51cltsD9KU5I7,0.242,0.865,242407,0.687,0.0,10,0.158,-3.744,0,0.217,139.023,4,0.486
352,2017,Rake It Up,Yo Gotti featuring Nicki Minaj,spotify:track:4knL4iPxPOZjQzTUlELGSY,0.022,0.91,276333,0.444,0.0,1,0.137,-8.126,0,0.344,149.953,4,0.53
353,2017,Mercy,Shawn Mendes,spotify:track:0AS63m1wHv9n4VVRizK6Hc,0.125,0.568,208733,0.669,0.0,11,0.111,-4.889,0,0.0794,147.926,4,0.404
354,2017,Tunnel Vision,Kodak Black,spotify:track:4Q3N4Ct4zCuIHuZ65E3BD4,0.0576,0.497,268187,0.489,9.91e-05,11,0.122,-7.724,0,0.294,171.853,4,0.231
355,2017,Rockstar,Post Malone featuring 21 Savage,spotify:track:0e7ipj03S05BNilyu5bRzt,0.117,0.587,218147,0.535,6.56e-05,5,0.131,-6.09,0,0.0898,159.847,4,0.14
356,2017,In Case You Didn't Know,Brett Young,spotify:track:10M2Ex445zw585Ducldzkw,0.357,0.599,224853,0.542,0.0,10,0.104,-7.274,1,0.0304,148.003,4,0.383
357,2017,Heathens,Twenty One Pilots,spotify:track:6i0V12jOa3mr6uu4WYhUBr,0.0841,0.732,195920,0.396,3.58e-05,4,0.105,-9.348,0,0.0286,90.024,4,0.548
358,2017,Now or Never,Halsey,spotify:track:7i2DJ88J7jQ8K7zqFX2fW8,0.105,0.658,214802,0.588,1.28e-06,6,0.125,-4.902,0,0.0367,110.075,4,0.434
359,2017,Caroline,Aminé,spotify:track:5hTpBe8h35rJ67eAWHQsJx,0.17,0.941,209640,0.335,0.0,5,0.262,-10.179,0,0.505,120.041,4,0.707
360,2017,Rolex,Ayo & Teo,spotify:track:0pSBuHjILhNEo55xK1zrRt,0.0837,0.804,238587,0.886,0.0,1,0.266,-2.512,1,0.04,144.946,4,0.789
361,2017,DNA,Kendrick Lamar,spotify:track:6HZILIRieu8S0iqY8kIKhj,0.0047,0.637,185947,0.514,0.0,1,0.094,-6.763,1,0.365,139.931,4,0.402
362,2017,Juju on That Beat (TZ Anthem),Zay Hilfigerrr & Zayion McCall,spotify:track:4iEaLbxp5EVuYfOnTtbTIx,0.00424,0.799,144327,0.843,0.0,1,0.379,-4.679,1,0.3,160.47,4,0.781
363,2017,Swang,Rae Sremmurd,spotify:track:6mapJIPnQ23RTAevUoE0DL,0.215,0.678,208120,0.317,4.31e-05,8,0.101,-9.427,1,0.0583,140.009,4,0.16
364,2017,Passionfruit,Drake,spotify:track:5mCPDVBb16L4XQwDdbRUpz,0.304,0.804,298941,0.459,0.0862,11,0.11,-11.556,1,0.039,111.963,4,0.372
365,2017,Loyalty,Kendrick Lamar featuring Rihanna,spotify:track:6SwRhMLwNqEi6alNPVG00n,0.0224,0.681,227360,0.541,0.0,9,0.167,-8.926,0,0.055,110.803,4,0.413
366,2017,Praying,Kesha,spotify:track:79NlESqzFSW0hdBWgls4FX,0.48,0.565,230269,0.381,0.0,10,0.109,-7.204,1,0.0302,73.483,4,0.325
367,2017,Goosebumps,Travis Scott featuring Kendrick Lamar,spotify:track:6gBFPUFcJLzWGx4lenP6h2,0.0847,0.841,243837,0.728,0.0,7,0.149,-3.37,1,0.0484,130.049,4,0.43
368,2017,Cold,Maroon 5 featuring Future,spotify:track:7gwLQ4tZ5UdZ7qNcDyJ8wr,0.14,0.693,234308,0.717,0.0,9,0.0464,-6.346,0,0.107,99.836,4,0.412
369,2017,Broccoli,DRAM featuring Lil Yachty,spotify:track:0qy5D3OJre7SPJNMOL9I71,0.236,0.886,225205,0.525,0.0,8,0.057,-7.39,1,0.132,145.99,4,0.708
370,2017,Slide,Calvin Harris featuring Frank Ocean and Migos,spotify:track:6gpcs5eMhJwax4mIfKDYQk,0.498,0.736,230813,0.795,1.21e-06,1,0.254,-3.299,0,0.0545,104.066,4,0.511
371,2017,What Ifs,Kane Brown featuring Lauren Alaina,spotify:track:7zVCrzzEJU7u24sbJPXA5W,0.00898,0.612,188253,0.799,0.0,10,0.172,-4.603,1,0.0275,125.976,4,0.687
372,2017,Chained to the Rhythm,Katy Perry featuring Skip Marley,spotify:track:5tP2TrJDgXXxAHZwcOknOI,0.0763,0.52,237734,0.798,0.0,0,0.144,-5.389,1,0.0944,95.252,4,0.485
373,2017,Feels,"Calvin Harris featuring Pharrell Williams, Katy Perry and Big Sean",spotify:track:5bcTCxgc7xVfSaMV3RuVke,0.0642,0.893,223413,0.745,0.0,11,0.0943,-3.105,0,0.0571,101.018,4,0.872
374,2017,All Time Low,Jon Bellion,spotify:track:0SuLAslEMFZAXf0SwY7syi,0.0508,0.584,217603,0.569,0.0,0,0.0924,-4.259,1,0.166,89.779,4,0.501
375,2017,Hurricane,Luke Combs,spotify:track:6xHI9KjUjYT0FPtGO8Mxa1,0.0153,0.464,222533,0.813,0.0,10,0.254,-6.185,1,0.0416,75.975,4,0.516
376,2017,Too Good at Goodbyes,Sam Smith,spotify:track:3VlbOrM6nYPprVvzBZllE5,0.615,0.661,201000,0.373,0.0,5,0.177,-8.249,1,0.0505,91.5,4,0.523
377,2017,Young Dumb & Broke,Khalid,spotify:track:5Z3GHaZ6ec9bsiI5BenrbY,0.199,0.798,202547,0.539,1.66e-05,1,0.165,-6.351,1,0.0421,136.949,4,0.394
378,2017,Magnolia,Playboi Carti,spotify:track:1e1JKLEDKP7hEQzJfNAgPl,0.0113,0.791,181812,0.581,0.0,11,0.35,-7.323,0,0.286,162.99,4,0.438
379,2017,Love Galore,SZA featuring Travis Scott,spotify:track:0q75NwOoFiARAVp4EXU4Bs,0.111,0.795,275080,0.594,0.0,0,0.162,-6.2,1,0.0747,135.002,4,0.409
380,2017,Drowning,A Boogie wit da Hoodie featuring Kodak Black,spotify:track:1f5cbQtDrykjarZVrShaDI,0.501,0.839,209269,0.81,0.0,5,0.117,-5.274,0,0.0568,129.014,4,0.814
381,2017,Starving,Hailee Steinfeld and Grey featuring Zedd,spotify:track:4Ce37cRWvM1vIGGynKcs22,0.39,0.712,181880,0.62,0.0,4,0.0994,-4.187,1,0.0888,99.953,4,0.494
382,2017,Both,Gucci Mane featuring Drake,spotify:track:5tFep7dXGd7vEJ668wTPux,0.119,0.85,190312,0.405,0.000118,7,0.0707,-7.509,0,0.225,139.976,4,0.344
383,2017,What About Us,Pink,spotify:track:0Qh38w01QRXK6KHIv0e3hb,0.0285,0.489,269600,0.588,2.11e-06,1,0.0906,-6.177,1,0.0507,113.617,4,0.187
384,2017,Swalla,Jason Derulo featuring Nicki Minaj and Ty Dolla Sign,spotify:track:6kex4EBAj0WHXDKZMEJaaF,0.075,0.696,216409,0.817,0.0,1,0.187,-3.862,1,0.109,98.064,4,0.782
385,2017,Slippery,Migos featuring Gucci Mane,spotify:track:6p8NuHm8uCGnn2Dtbtf7zE,0.307,0.92,304041,0.674,0.0,1,0.104,-5.662,0,0.264,141.967,4,0.741
386,2017,Sign of the Times,Harry Styles,spotify:track:5Ohxk2dO5COHF1krpoPigN,0.0275,0.516,340707,0.595,0.0,5,0.109,-4.63,1,0.0313,119.972,4,0.222
387,2017,Water Under the Bridge,Adele,spotify:track:4vb4mFvYsr2h6enhjJsq9Y,0.0189,0.596,240427,0.838,1.54e-05,5,0.108,-6.52,0,0.0704,94.982,4,0.472
388,2017,Malibu,Miley Cyrus,spotify:track:2habSXqcJGExM6JJyskY7O,0.0577,0.565,231906,0.782,4.16e-05,8,0.0757,-6.413,1,0.0506,140.004,4,0.4
389,2017,Down,Marian Hill,spotify:track:5eCkuGPZNl4mISFNPgr3Dd,0.644,0.597,197773,0.357,0.00393,3,0.125,-14.718,1,0.259,84.864,4,0.059
390,2017,No Promises,Cheat Codes featuring Demi Lovato,spotify:track:5lNuqFVMca4vPupY10cH0J,0.0572,0.739,222787,0.619,0.0,10,0.105,-6.669,1,0.162,112.961,4,0.58
391,2017,Treat You Better,Shawn Mendes,spotify:track:3QGsuHI8jO1Rx4JWLUh9jd,0.118,0.672,187973,0.81,0.0,10,0.106,-4.104,0,0.226,82.888,4,0.771
392,2017,I Get the Bag,Gucci Mane featuring Migos,spotify:track:1XRgIKC5TPwo7nWGyKqgG0,0.0232,0.89,233087,0.633,0.000343,11,0.0993,-5.475,1,0.168,139.948,4,0.425
393,2017,Small Town Boy,Dustin Lynch,spotify:track:2YMhrXQYKkm4kXLcXKKd5z,0.0251,0.554,205733,0.743,0.0,9,0.359,-6.016,1,0.0287,72.997,4,0.673
394,2017,Everyday We Lit,YFN Lucci featuring PnB Rock,spotify:track:4PzovBqgnSHKd8opsP7IVM,0.128,0.758,197171,0.646,0.0,7,0.0778,-4.701,1,0.112,155.955,4,0.589
395,2017,Havana,Camila Cabello featuring Young Thug,spotify:track:1rfofaqEpACxVEHIZBJe6W,0.184,0.765,217307,0.523,3.56e-05,2,0.132,-4.333,1,0.03,104.988,4,0.394
396,2017,What Lovers Do,Maroon 5 featuring SZA,spotify:track:2j5hsQvApottzvTn4pFJWF,0.0788,0.799,199849,0.597,5.66e-06,5,0.1,-5.131,0,0.0611,110.001,4,0.419
397,2017,Do Re Mi,Blackbear,spotify:track:3Q3myFA7q4Op95DOpHplaY,0.00419,0.742,212027,0.599,1.02e-05,8,0.126,-6.256,1,0.0465,110.977,3,0.154
398,2017,Look at Me!,XXXTentacion,spotify:track:7floNISpH8VF4z4459Qo18,0.259,0.763,126346,0.726,0.0,1,0.0976,-6.405,1,0.282,139.059,4,0.349
399,2017,The Fighter,Keith Urban featuring Carrie Underwood,spotify:track:5OUSPcqhYTOzpbXzoEvKim,0.0304,0.681,184040,0.845,0.0,11,0.197,-5.147,0,0.0525,132.023,4,0.761
